{"_wandb":{"runtime":16},"_runtime":16.727303369,"_step":0,"pyscf_energy":-74.5419914853799,"pyscf_time_ms":406.2962532043457,"_timestamp":1.7367949822696161e+09}