ScCO+,def2-SVP,radam,cayley,33131.88099861145
ScCO+,def2-SVP,radam,cayley,33453.784465789795
ScCO+,def2-SVP,radam,cayley,33658.24484825134
H2O,def2-SVP,rbfgs,cayley,6936.329126358032
H2O,def2-SVP,rbfgs,cayley,6935.362100601196
H2O,def2-SVP,rbfgs,cayley,6948.100805282593
